{"hunger": 0.023000000044703484, "thirst": 0.0689999982714653, "exhaustion": 0.04600000008940697, "happiness": 0.0}