{"hunger": 0.010999999940395355, "thirst": 0.032999999821186066, "exhaustion": 0.02199999988079071, "happiness": 0.0}