{"hunger": 0.004000000189989805, "thirst": 0.012000000104308128, "exhaustion": 0.00800000037997961, "happiness": 0.30000001192092896}