{"hunger": 0.004999999888241291, "thirst": 0.014999999664723873, "exhaustion": 0.009999999776482582, "happiness": 0.6000000238418579}