{"hunger": 0.014999999664723873, "thirst": 0.04500000178813934, "exhaustion": 0.029999999329447746, "happiness": 0.0}