{"hunger": 0.019999999552965164, "thirst": 0.05999999865889549, "exhaustion": 0.03999999910593033, "happiness": 0.0}