{"hunger": 0.02800000086426735, "thirst": 0.08399999886751175, "exhaustion": 0.0560000017285347, "happiness": 0.0}