{"hunger": 0.032999999821186066, "thirst": 0.0989999994635582, "exhaustion": 0.06400000303983688, "happiness": 0.0}