{"hunger": 0.00800000037997961, "thirst": 0.024000000208616257, "exhaustion": 0.01600000075995922, "happiness": 0.699999988079071}