{"hunger": 0.035999998450279236, "thirst": 0.1080000028014183, "exhaustion": 0.06700000166893005, "happiness": 0.0}