{"hunger": 0.014000000432133675, "thirst": 0.041999999433755875, "exhaustion": 0.02800000086426735, "happiness": 0.0}