{"hunger": 0.008999999612569809, "thirst": 0.027000000700354576, "exhaustion": 0.017999999225139618, "happiness": 0.4000000059604645}