{"hunger": 0.03200000151991844, "thirst": 0.09600000083446503, "exhaustion": 0.06300000101327896, "happiness": 0.0}