{"hunger": 0.017999999225139618, "thirst": 0.05400000140070915, "exhaustion": 0.035999998450279236, "happiness": 0.0}