{"translation_x": -0.06974083930253983, "translation_y": 0.06346922367811203, "translation_z": 0.9805684089660645, "rotation_x": -0.25545328978610127, "rotation_y": -0.6929286539403685, "rotation_z": -0.23159210773864855, "rotation_w": 0.6332129127860687}"