{"hunger": 0.03500000014901161, "thirst": 0.10499999672174454, "exhaustion": 0.06599999964237213, "happiness": 0.0}