{"hunger": 0.01899999938905239, "thirst": 0.05700000002980232, "exhaustion": 0.03799999877810478, "happiness": 0.0}