{"hunger": 0.003000000026077032, "thirst": 0.008999999612569809, "exhaustion": 0.006000000052154064, "happiness": 0.0}