{"hunger": 0.017000000923871994, "thirst": 0.050999999046325684, "exhaustion": 0.03400000184774399, "happiness": 0.0}