{"hunger": 0.029999999329447746, "thirst": 0.09000000357627869, "exhaustion": 0.05999999865889549, "happiness": 0.0}