{"hunger": 0.009999999776482582, "thirst": 0.029999999329447746, "exhaustion": 0.019999999552965164, "happiness": 0.10000000149011612}