{"hunger": 0.007000000216066837, "thirst": 0.020999999716877937, "exhaustion": 0.014000000432133675, "happiness": 1.0}