{"hunger": 0.03400000184774399, "thirst": 0.10199999809265137, "exhaustion": 0.06499999761581421, "happiness": 0.0}