{"hunger": 0.01600000075995922, "thirst": 0.04800000041723251, "exhaustion": 0.03200000151991844, "happiness": 0.0}