{"hunger": 0.03099999949336052, "thirst": 0.09300000220537186, "exhaustion": 0.06199999898672104, "happiness": 0.0}