{"hunger": 0.028999999165534973, "thirst": 0.08699999749660492, "exhaustion": 0.057999998331069946, "happiness": 0.0}