{"hunger": 0.013000000268220901, "thirst": 0.039000000804662704, "exhaustion": 0.026000000536441803, "happiness": 0.0}