{"hunger": 0.012000000104308128, "thirst": 0.035999998450279236, "exhaustion": 0.024000000208616257, "happiness": 0.0}