{"hunger": 0.03700000047683716, "thirst": 0.11100000143051147, "exhaustion": 0.06800000369548798, "happiness": 0.0}