{"hunger": 0.006000000052154064, "thirst": 0.017999999225139618, "exhaustion": 0.012000000104308128, "happiness": 0.8999999761581421}