{"hunger": 0.020999999716877937, "thirst": 0.06300000101327896, "exhaustion": 0.041999999433755875, "happiness": 0.0}