{"hunger": 0.026000000536441803, "thirst": 0.07800000160932541, "exhaustion": 0.052000001072883606, "happiness": 0.0}