{"hunger": 0.02500000037252903, "thirst": 0.07500000298023224, "exhaustion": 0.05000000074505806, "happiness": 0.0}