{"hunger": 0.02199999988079071, "thirst": 0.06599999964237213, "exhaustion": 0.04399999976158142, "happiness": 0.0}