{"hunger": 0.024000000208616257, "thirst": 0.07199999690055847, "exhaustion": 0.04800000041723251, "happiness": 0.0}