{"hunger": 0.027000000700354576, "thirst": 0.08100000023841858, "exhaustion": 0.05400000140070915, "happiness": 0.0}