{"hunger": 0.0010000000474974513, "thirst": 0.003000000026077032, "exhaustion": 0.0020000000949949026, "happiness": 0.0}